{"cameraMode":{"drawMode":0,"name":"Shaded","section":"Shading Mode"},"sceneLighting":true,"audioPlay":false,"sceneViewState":{"m_AlwaysRefresh":false,"showFog":true,"showSkybox":true,"showFlares":true,"showImageEffects":true,"showParticleSystems":true,"showVisualEffectGraphs":true,"m_FxEnabled":true},"in2DMode":false,"pivot":{"x":-38.800018310546878,"y":-31.373680114746095,"z":85.77629089355469},"rotation":{"x":-0.1548876017332077,"y":0.16717484593391419,"z":-0.02660299465060234,"w":-0.9733227491378784},"size":106.84601593017578,"orthographic":false}